Year,Month,Temperature (Celsius),Rainfall (MM)
1901,January,7.72768,40.4258
1901,February,8.936,12.3022
1901,March,16.9632,25.5119
1901,April,21.2741,14.2942
1901,May,26.0497,38.3046
1901,June,29.3811,12.8813
1901,July,29.2391,68.093
1901,August,27.9718,16.5836
1901,September,25.2887,13.3391
1901,October,21.2279,3.10757
1901,November,15.7539,0.21419
1901,December,10.917,3.27559
1902,January,9.90868,2.31336
1902,February,11.2238,3.17559
1902,March,17.3237,13.3201
1902,April,22.1011,16.6064
1902,May,26.7454,17.0574
1902,June,28.6774,19.3449
1902,July,29.3654,25.7954
1902,August,28.2741,34.1203
1902,September,25.1602,17.5
1902,October,20.8884,7.08495
1902,November,15.2654,14.5744
1902,December,9.94845,4.73243
1903,January,7.69502,22.6658
1903,February,10.009,10.2447
1903,March,13.2206,40.695
1903,April,19.5796,12.3373
1903,May,25.6285,35.182
1903,June,29.7751,7.95537
1903,July,29.0659,75.6535
1903,August,27.9325,34.1329
1903,September,26.0494,24.1921
1903,October,21.3515,1.82323
1903,November,14.0782,1.2238
1903,December,9.19253,10.0793
1904,January,6.93021,61.2916
1904,February,11.3519,10.9565
1904,March,15.2716,68.4706
1904,April,21.871,10.8674
1904,May,26.278,9.80757
1904,June,29.2731,6.63728
1904,July,28.8224,22.9002
1904,August,27.9196,26.1663
1904,September,25.3069,17.5644
1904,October,20.3797,8.62059
1904,November,15.4972,12.2084
1904,December,10.7429,6.44073
1905,January,6.75049,53.5866
1905,February,6.70157,37.0232
1905,March,12.538,41.1089
1905,April,19.8944,14.3762
1905,May,27.2105,12.9388
1905,June,29.3196,7.47864
1905,July,29.3462,17.6693
1905,August,28.2935,8.42186
1905,September,25.5066,36.4692
1905,October,21.4719,2.22197
1905,November,16.119,0.23152
1905,December,10.2265,27.6909
1906,January,6.99888,7.44133
1906,February,8.33483,78.1301
1906,March,14.2171,37.7996
1906,April,20.3203,11.4353
1906,May,27.1914,19.8325
1906,June,28.9734,12.6819
1906,July,29.352,25.2715
1906,August,28.2059,44.5472
1906,September,24.9951,28.7101
1906,October,21.3343,2.93003
1906,November,16.2258,0.2753
1906,December,11.5644,11.1771
1907,January,10.438,18.81
1907,February,9.12774,38.2396
1907,March,14.2894,29.2855
1907,April,20.6502,36.3981
1907,May,24.6617,4.75605
1907,June,28.011,33.4921
1907,July,29.5999,33.0677
1907,August,27.2584,54.822
1907,September,24.9491,2.99025
1907,October,20.1053,2.88652
1907,November,15.4206,0.88287
1907,December,9.60512,2.76253
1908,January,9.16938,40.6442
1908,February,10.4964,17.759
1908,March,15.0003,13.8815
1908,April,21.5965,60.2271
1908,May,25.7166,15.155
1908,June,29.3539,10.8517
1908,July,28.4189,100.309
1908,August,26.8204,90.0436
1908,September,24.2037,27.5185
1908,October,19.7193,2.64982
1908,November,14.6582,0.30752
1908,December,9.50828,19.4151
1909,January,7.03193,22.0417
1909,February,9.29564,34.5044
1909,March,15.7865,17.239
1909,April,20.9503,49.3441
1909,May,25.5858,5.69387
1909,June,29.0509,25.5863
1909,July,27.9125,110.821
1909,August,27.2877,27.676
1909,September,23.9227,35.4963
1909,October,20.2239,3.77207
1909,November,16.2276,2.09046
1909,December,9.69758,39.1434
1910,January,8.28281,48.6834
1910,February,10.7145,10.0486
1910,March,15.0186,12.8771
1910,April,20.0475,28.8651
1910,May,26.2383,8.65424
1910,June,28.9664,33.9063
1910,July,28.0875,73.1194
1910,August,27.3745,83.1
1910,September,25.0666,4.58992
1910,October,20.1877,1.80884
1910,November,14.1164,0.18159
1910,December,8.60299,7.09619
1911,January,8.35633,62.1624
1911,February,10.6605,13.6268
1911,March,13.8202,63.2829
1911,April,20.689,13.1245
1911,May,26.6186,11.5385
1911,June,29.2712,8.98892
1911,July,29.1161,8.07602
1911,August,27.9389,14.2183
1911,September,25.5788,9.62532
1911,October,20.7565,5.47875
1911,November,13.1283,9.19291
1911,December,9.73885,11.3108
1912,January,9.34208,49.9539
1912,February,11.6986,17.0454
1912,March,15.1625,7.75363
1912,April,21.7373,25.0325
1912,May,26.375,21.5984
1912,June,29.8667,13.9635
1912,July,29.4885,41.5568
1912,August,27.3773,50.7721
1912,September,24.1663,8.37116
1912,October,20.8547,2.50569
1912,November,14.0833,2.01322
1912,December,9.87688,22.5349
1913,January,9.56291,13.1557
1913,February,9.79157,31.3535
1913,March,13.3825,27.0575
1913,April,21.4796,18.966
1913,May,25.9573,12.7484
1913,June,28.7924,26.7758
1913,July,28.5364,43.3387
1913,August,27.2439,52.2582
1913,September,24.5046,29.0657
1913,October,20.8197,3.23762
1913,November,14.4341,4.07875
1913,December,9.88549,25.6171
1914,January,10.5031,23.0338
1914,February,9.37876,44.1405
1914,March,14.7735,21.0917
1914,April,21.1517,44.5625
1914,May,26.6905,11.9432
1914,June,29.6573,34.2121
1914,July,28.671,110.802
1914,August,27.6078,25.4436
1914,September,25.8722,34.385
1914,October,19.9983,24.642
1914,November,15.5218,9.71607
1914,December,8.85739,10.0941
1915,January,8.32678,4.79381
1915,February,9.02594,35.6388
1915,March,16.8911,26.8453
1915,April,21.155,53.0118
1915,May,27.7985,4.94112
1915,June,29.766,12.8614
1915,July,29.4356,35.4379
1915,August,28.5276,11.9239
1915,September,26.587,16.1701
1915,October,21.7021,13.3508
1915,November,15.5621,0.68016
1915,December,10.1948,6.75773
1916,January,9.95363,20.4452
1916,February,9.29735,22.4321
1916,March,17.6636,9.38123
1916,April,22.1382,38.9866
1916,May,25.5462,27.0144
1916,June,29.0615,13.7413
1916,July,28.9225,53.6625
1916,August,27.7522,154.055
1916,September,25.0285,26.0831
1916,October,20.3183,12.044
1916,November,12.6042,0.12818
1916,December,9.42256,0.91797
1917,January,9.72695,15.2669
1917,February,12.1566,3.4687
1917,March,15.5658,34.8237
1917,April,19.8269,16.7887
1917,May,24.7684,20.6214
1917,June,28.7806,19.5138
1917,July,28.5988,21.9135
1917,August,27.0211,105.647
1917,September,24.2356,79.48
1917,October,19.3879,11.5993
1917,November,13.0002,0.10584
1917,December,9.5386,18.1581
1918,January,7.58665,3.67758
1918,February,10.6784,4.3403
1918,March,14.9643,52.7667
1918,April,19.3156,31.7855
1918,May,27.1895,3.40381
1918,June,28.7607,16.202
1918,July,29.3498,10.716
1918,August,28.2618,23.632
1918,September,24.6355,12.0347
1918,October,20.5344,1.94249
1918,November,14.5055,6.6346
1918,December,8.81664,36.2052
1919,January,7.77159,38.0603
1919,February,9.32812,18.1172
1919,March,15.4089,27.477
1919,April,20.8591,20.9388
1919,May,25.8169,10.555
1919,June,29.7151,2.64043
1919,July,29.0787,69.2101
1919,August,27.4257,74.5446
1919,September,24.1693,16.1689
1919,October,20.2582,1.24296
1919,November,14.2264,0.64859
1919,December,9.26809,38.828
1920,January,8.63298,35.7668
1920,February,8.97622,22.6303
1920,March,15.5838,36.08
1920,April,20.1605,22.3086
1920,May,23.7542,16.5041
1920,June,28.0569,13.6575
1920,July,28.9401,19.9772
1920,August,27.3003,16.8843
1920,September,25.7006,11.888
1920,October,21.495,1.16082
1920,November,15.2376,4.45309
1920,December,9.10705,3.59087
1921,January,8.85667,9.92568
1921,February,9.73737,4.74141
1921,March,17.4293,14.8642
1921,April,23.2014,16.3766
1921,May,26.8129,9.02189
1921,June,29.2158,12.5584
1921,July,29.3536,72.2176
1921,August,27.0996,89.2192
1921,September,24.8829,16.9813
1921,October,20.0726,9.28153
1921,November,14.991,2.22099
1921,December,11.0271,33.1487
1922,January,8.52109,18.7877
1922,February,11.1049,39.9547
1922,March,16.5204,15.9975
1922,April,22.0116,8.44737
1922,May,25.7362,18.9858
1922,June,28.8851,12.9477
1922,July,29.5393,29.9843
1922,August,27.966,32.035
1922,September,24.9959,43.9223
1922,October,20.0123,4.74138
1922,November,14.7231,0.19436
1922,December,10.3632,15.6486
1923,January,8.44368,35.9669
1923,February,9.77555,40.3208
1923,March,16.3721,23.3626
1923,April,21.6004,17.9709
1923,May,25.1684,23.7718
1923,June,29.537,4.37135
1923,July,28.5296,36.6953
1923,August,27.1817,83.1012
1923,September,24.4411,7.74047
1923,October,19.8052,9.61971
1923,November,13.7708,0.5534
1923,December,9.23425,9.77863
1924,January,7.90866,27.7769
1924,February,10.4678,52.4768
1924,March,17.1981,18.5206
1924,April,21.6474,41.0689
1924,May,23.7969,40.4323
1924,June,29.3877,1.17319
1924,July,29.7142,47.4231
1924,August,27.766,21.8061
1924,September,24.1265,46.2479
1924,October,20.2729,0.64327
1924,November,14.0058,4.09587
1924,December,10.1345,41.6146
1925,January,7.01882,14.2756
1925,February,8.05247,15.1582
1925,March,17.076,9.02434
1925,April,23.2879,7.80475
1925,May,26.0975,32.2283
1925,June,28.6138,16.5857
1925,July,28.5526,55.3342
1925,August,27.719,34.2365
1925,September,25.4232,16.3121
1925,October,21.4559,11.9817
1925,November,14.023,9.60262
1925,December,10.3019,0.91499
1926,January,9.18545,24.4413
1926,February,12.4607,12.882
1926,March,15.2092,63.5215
1926,April,19.1603,31.4509
1926,May,24.6877,20.4858
1926,June,29.429,8.98922
1926,July,29.552,34.713
1926,August,28.0936,74.1229
1926,September,24.8684,42.7293
1926,October,20.1619,0.49156
1926,November,12.5964,0.52748
1926,December,10.0698,18.7861
1927,January,7.01288,13.352
1927,February,8.92672,30.2914
1927,March,14.5618,20.1701
1927,April,20.8602,14.6287
1927,May,25.4843,8.23821
1927,June,28.8465,8.39599
1927,July,28.9607,94.2809
1927,August,27.3294,29.1965
1927,September,24.9367,13.8769
1927,October,21.3324,1.65613
1927,November,14.803,1.01834
1927,December,10.6933,42.566
1928,January,8.09961,13.1354
1928,February,10.8143,34.7922
1928,March,15.6366,27.0924
1928,April,21.8333,14.9065
1928,May,27.0178,3.78452
1928,June,29.1673,5.63625
1928,July,29.0433,24.1495
1928,August,27.6165,37.0993
1928,September,24.443,29.5816
1928,October,21.1053,4.76729
1928,November,15.1728,19.6052
1928,December,9.38718,20.3335
1929,January,7.25885,25.9579
1929,February,8.90064,18.6647
1929,March,17.6433,8.94673
1929,April,22.6193,12.8088
1929,May,26.4412,10.8868
1929,June,29.09,14.4611
1929,July,28.3686,145.618
1929,August,26.8937,89.806
1929,September,25.3313,3.18438
1929,October,20.0875,6.89097
1929,November,15.0247,8.4176
1929,December,7.61744,22.8815
1930,January,6.49648,32.3071
1930,February,9.42237,16.2961
1930,March,15.9683,16.7301
1930,April,20.3948,55.3931
1930,May,26.0374,11.4558
1930,June,28.9044,15.2333
1930,July,28.2107,93.8898
1930,August,27.3902,13.0779
1930,September,25.1193,19.8918
1930,October,20.7713,4.73209
1930,November,14.7973,0.9404
1930,December,9.75092,3.91869
1931,January,9.59812,31.205
1931,February,7.96542,52.4215
1931,March,15.8276,12.8384
1931,April,22.7935,24.4085
1931,May,25.5731,26.5103
1931,June,28.444,25.5995
1931,July,28.0122,55.9034
1931,August,28.762,42.1351
1931,September,25.2875,9.9938
1931,October,20.8407,16.0189
1931,November,14.8979,3.87184
1931,December,10.4747,4.63594
1932,January,10.2049,26.7392
1932,February,10.8699,10.7904
1932,March,16.603,46.6057
1932,April,22.8721,8.74017
1932,May,25.0947,10.6746
1932,June,29.0959,15.674
1932,July,28.9709,113.954
1932,August,26.978,61.3524
1932,September,25.8022,4.39812
1932,October,20.5029,4.01409
1932,November,15.1777,0.43016
1932,December,9.0796,12.8274
1933,January,6.96584,25.4788
1933,February,11.0385,21.9499
1933,March,15.3429,39.5348
1933,April,19.9956,33.2832
1933,May,25.7179,16.7729
1933,June,29.3964,16.269
1933,July,29.2275,75.3341
1933,August,26.5425,102.081
1933,September,24.4015,23.0784
1933,October,20.5593,3.98831
1933,November,15.5051,2.72915
1933,December,11.6414,14.1313
1934,January,6.22931,19.2027
1934,February,13.0946,14.1642
1934,March,15.1478,31.5287
1934,April,21.5973,31.4163
1934,May,24.6452,17.8854
1934,June,29.2119,16.6664
1934,July,28.9992,26.888
1934,August,27.9458,83.3958
1934,September,25.6604,9.9666
1934,October,20.0248,2.8108
1934,November,14.9063,2.35865
1934,December,11.3128,16.5685
1935,January,6.6209,50.2232
1935,February,10.9282,55.8465
1935,March,16.2138,23.9489
1935,April,18.777,58.9393
1935,May,25.2229,10.5603
1935,June,28.2725,10.4809
1935,July,28.4659,43.4936
1935,August,27.2477,42.2543
1935,September,24.8055,14.5429
1935,October,19.8651,8.22242
1935,November,15.0273,8.05263
1935,December,10.0699,2.97032
1936,January,7.20295,17.1451
1936,February,11.5836,57.0899
1936,March,14.3037,38.0715
1936,April,20.7998,18.2543
1936,May,28.4465,27.1927
1936,June,28.6827,27.4385
1936,July,28.51,25.6255
1936,August,27.788,19.6528
1936,September,25.7855,15.4076
1936,October,21.4206,5.47314
1936,November,14.3463,12.3342
1936,December,9.68323,16.3721
1937,January,7.69728,20.7952
1937,February,10.9572,57.7165
1937,March,14.5725,32.6619
1937,April,20.092,47.3676
1937,May,26.2653,7.45861
1937,June,29.6215,5.52735
1937,July,28.6578,97.1825
1937,August,28.1379,2.46915
1937,September,25.2788,16.3548
1937,October,19.5614,8.56207
1937,November,14.5102,2.07194
1937,December,8.49138,17.0892
1938,January,7.64421,52.7538
1938,February,9.40673,23.2189
1938,March,15.7825,20.393
1938,April,22.0969,24.7071
1938,May,28.2997,3.56816
1938,June,28.4752,32.8899
1938,July,29.0276,48.888
1938,August,28.1275,38.309
1938,September,25.2984,2.96804
1938,October,20.8295,3.88538
1938,November,13.4783,2.05724
1938,December,10.133,16.8484
1939,January,9.17465,21.8429
1939,February,10.3768,76.0329
1939,March,13.2136,64.9968
1939,April,19.1503,33.474
1939,May,25.897,5.93996
1939,June,29.2542,7.81959
1939,July,28.8703,19.9689
1939,August,28.0987,16.0148
1939,September,26.3639,5.5909
1939,October,21.2804,8.54513
1939,November,15.4489,1.50351
1939,December,11.909,8.10614
1940,January,9.98493,43.1928
1940,February,11.6089,30.6731
1940,March,14.61,26.4761
1940,April,20.5647,19.2397
1940,May,26.5984,21.4832
1940,June,29.2994,35.6621
1940,July,29.6485,18.5754
1940,August,27.0486,35.6084
1940,September,24.9045,9.7331
1940,October,21.6449,3.70525
1940,November,16.265,4.16205
1940,December,10.5001,7.2564
1941,January,8.36705,18.3481
1941,February,12.4462,12.1747
1941,March,17.9988,24.0993
1941,April,23.2831,32.6426
1941,May,27.4563,9.43239
1941,June,29.4035,8.50974
1941,July,28.9097,45.81
1941,August,28.6478,21.0318
1941,September,24.9377,20.3119
1941,October,23.3141,2.53545
1941,November,15.7322,3.01371
1941,December,11.3193,15.7911
1942,January,8.14011,55.169
1942,February,10.4589,53.9409
1942,March,17.4324,19.6547
1942,April,23.0039,19.7194
1942,May,26.3929,38.4209
1942,June,29.0857,31.0639
1942,July,28.5125,101.84
1942,August,27.1215,37.0677
1942,September,24.8394,22.0441
1942,October,21.0519,5.03011
1942,November,16.6865,4.25811
1942,December,9.3286,26.4945
1943,January,7.74994,58.2901
1943,February,11.2294,5.57775
1943,March,16.3537,26.7344
1943,April,20.5152,34.1384
1943,May,25.511,23.3824
1943,June,28.5611,10.1402
1943,July,28.5903,46.4736
1943,August,27.6381,29.4262
1943,September,25.6657,15.7967
1943,October,20.565,3.90013
1943,November,15.4663,2.2677
1943,December,12.1435,3.62004
1944,January,8.60892,48.1277
1944,February,9.85891,64.9179
1944,March,16.1931,38.2779
1944,April,21.4394,31.2336
1944,May,26.6978,8.14759
1944,June,29.2609,9.37007
1944,July,29.3945,98.6377
1944,August,27.3187,136.962
1944,September,24.2629,15.0417
1944,October,20.2588,5.54882
1944,November,15.5398,8.30947
1944,December,9.20158,29.7959
1945,January,6.76212,38.8791
1945,February,9.71662,11.7038
1945,March,16.1434,24.6168
1945,April,20.1679,34.16
1945,May,25.6208,12.045
1945,June,29.0594,25.523
1945,July,28.4821,106.458
1945,August,27.8279,38.081
1945,September,25.589,24.0178
1945,October,20.5964,5.61034
1945,November,15.4704,4.99154
1945,December,9.25073,12.0397
1946,January,8.8577,14.8902
1946,February,12.1947,26.0587
1946,March,15.6397,13.9942
1946,April,24.7555,5.6812
1946,May,27.6181,5.64115
1946,June,29.826,12.3442
1946,July,29.4493,26.171
1946,August,27.9567,77.1827
1946,September,25.4033,4.63755
1946,October,22.3678,8.7803
1946,November,13.6908,5.09657
1946,December,8.05579,11.3736
1947,January,8.20268,31.4211
1947,February,10.8427,30.8748
1947,March,17.2128,19.6091
1947,April,22.785,3.89161
1947,May,26.9956,17.1172
1947,June,29.6508,8.28901
1947,July,29.2969,22.0234
1947,August,28.7425,46.1195
1947,September,25.9524,21.2747
1947,October,20.499,4.27195
1947,November,17.0484,5.62064
1947,December,10.2341,15.2268
1948,January,8.91023,11.4407
1948,February,10.3608,42.7869
1948,March,15.5986,48.0123
1948,April,22.4834,25.1017
1948,May,27.5979,9.07401
1948,June,28.4181,18.8198
1948,July,29.2039,79.8786
1948,August,27.5069,44.5498
1948,September,25.4886,11.1338
1948,October,21.307,2.6953
1948,November,13.8187,3.45944
1948,December,10.2194,24.9507
1949,January,8.64658,14.5772
1949,February,10.2045,20.9185
1949,March,16.167,36.7155
1949,April,22.7572,11.7593
1949,May,27.8123,8.48725
1949,June,27.6135,18.1381
1949,July,29.0738,51.3335
1949,August,27.1366,57.3926
1949,September,26.273,17.4278
1949,October,19.4857,2.99065
1949,November,12.9907,2.05416
1949,December,9.8119,6.46054
1950,January,8.39886,60.4773
1950,February,7.83502,22.0462
1950,March,14.5453,31.9527
1950,April,19.4117,26.4562
1950,May,26.0093,13.0833
1950,June,28.9187,7.0361
1950,July,28.8672,62.3368
1950,August,27.3896,49.0711
1950,September,24.1737,29.9903
1950,October,20.2951,2.67137
1950,November,13.4808,3.13984
1950,December,7.55997,0.80213
1951,January,8.342,17.9641
1951,February,9.60423,26.1026
1951,March,15.1646,44.9662
1951,April,19.3428,24.8592
1951,May,25.4909,25.6118
1951,June,27.8683,10.9358
1951,July,28.7649,23.8066
1951,August,27.4909,46.0951
1951,September,25.9301,4.32737
1951,October,23.1378,6.10609
1951,November,15.8826,9.85755
1951,December,11.5474,5.62371
1952,January,8.80908,21.8835
1952,February,12.0162,28.4677
1952,March,15.6622,24.2076
1952,April,22.7377,14.6128
1952,May,26.3735,7.56766
1952,June,29.3529,12.9089
1952,July,28.5421,54.0252
1952,August,27.1008,25.8742
1952,September,24.7101,6.00208
1952,October,20.2485,1.33603
1952,November,14.7995,1.9862
1952,December,9.79886,16.6618
1953,January,8.42039,25.7333
1953,February,12.6862,24.2772
1953,March,18.0881,20.904
1953,April,21.7689,20.1409
1953,May,26.1404,15.874
1953,June,29.1311,22.1359
1953,July,29.3014,47.3657
1953,August,27.5025,77.7919
1953,September,25.0631,21.0016
1953,October,20.3011,10.7566
1953,November,15.3224,4.32299
1953,December,12.9481,13.8055
1954,January,8.05773,48.7824
1954,February,10.4943,65.4074
1954,March,16.1464,22.7319
1954,April,21.7416,18.5023
1954,May,26.6844,10.2821
1954,June,29.099,10.5167
1954,July,28.7146,30.5518
1954,August,28.0352,21.8322
1954,September,25.6102,44.9608
1954,October,19.2283,8.41373
1954,November,15.2415,4.24445
1954,December,9.87112,3.28068
1955,January,8.33256,28.8648
1955,February,11.8311,8.44112
1955,March,17.6331,47.2041
1955,April,20.1084,8.48304
1955,May,24.1422,27.4975
1955,June,28.5932,7.20499
1955,July,28.8129,27.3777
1955,August,27.5663,80.6127
1955,September,25.4361,36.0226
1955,October,20.2003,7.40846
1955,November,15.0889,1.07598
1955,December,11.1069,16.6018
1956,January,8.1772,35.4311
1956,February,11.2207,19.7688
1956,March,15.8827,58.4752
1956,April,21.6388,34.3327
1956,May,27.8745,1.72454
1956,June,28.4585,35.6324
1956,July,27.3943,125.533
1956,August,26.5273,74.6565
1956,September,25.7572,11.0303
1956,October,20.0055,20.6457
1956,November,14.5194,1.66882
1956,December,10.2144,13.0949
1957,January,7.62479,62.0862
1957,February,9.40956,14.6322
1957,March,15.1977,36.6081
1957,April,19.2207,51.9199
1957,May,23.5107,25.8923
1957,June,28.0138,17.1486
1957,July,28.934,25.4085
1957,August,27.3497,43.4475
1957,September,24.3486,7.64757
1957,October,20.2524,15.6489
1957,November,15.1758,24.461
1957,December,10.443,32.3778
1958,January,10.4826,25.5363
1958,February,11.2078,9.44109
1958,March,17.1515,16.1792
1958,April,23.4353,14.091
1958,May,25.4803,12.7986
1958,June,29.2229,10.9512
1958,July,29.2977,56.858
1958,August,27.9763,22.5712
1958,September,25.5216,31.8638
1958,October,20.8029,3.9729
1958,November,14.7928,7.80382
1958,December,11.5139,54.5402
1959,January,8.26172,38.2175
1959,February,9.82432,36.426
1959,March,17.1933,25.3104
1959,April,22.046,24.9713
1959,May,25.6553,32.536
1959,June,29.3652,6.17998
1959,July,28.0893,109.908
1959,August,28.161,45.5721
1959,September,26.2621,32.8209
1959,October,22.334,8.68935
1959,November,14.6366,26.1542
1959,December,9.75349,17.4243
1960,January,8.76008,12.8881
1960,February,13.1981,15.5501
1960,March,14.3608,48.0119
1960,April,19.6976,31.719
1960,May,25.3706,13.5125
1960,June,29.3032,8.61772
1960,July,28.7091,61.681
1960,August,28.2886,35.7771
1960,September,25.7451,16.0049
1960,October,20.8258,1.14299
1960,November,14.6552,4.96186
1960,December,9.66539,25.758
1961,January,9.17013,33.4807
1961,February,9.09557,30.3129
1961,March,16.712,15.4388
1961,April,20.2747,39.9794
1961,May,26.1231,13.8821
1961,June,28.6842,23.489
1961,July,28.8716,89.9002
1961,August,27.9087,46.2971
1961,September,26.4479,36.5446
1961,October,20.2093,10.0553
1961,November,13.7978,9.28469
1961,December,9.74896,11.5446
1962,January,8.12009,6.7844
1962,February,12.1998,18.7275
1962,March,16.3822,26.4647
1962,April,21.9979,23.2086
1962,May,25.8001,15.4038
1962,June,28.7331,10.9828
1962,July,28.9729,42.9007
1962,August,27.7405,46.8747
1962,September,24.1681,39.7279
1962,October,20.0197,4.00006
1962,November,13.8918,10.1943
1962,December,9.32446,22.3324
1963,January,9.27652,0.99773
1963,February,13.2863,16.2037
1963,March,16.3024,41.6322
1963,April,21.2156,34.1661
1963,May,24.6016,35.0543
1963,June,29.5692,5.55861
1963,July,29.4326,20.415
1963,August,28.0886,27.7805
1963,September,25.2801,12.5937
1963,October,22.0994,3.932
1963,November,15.8677,15.3882
1963,December,10.5231,12.4367
1964,January,5.91348,37.9169
1964,February,10.6336,20.617
1964,March,17.7988,20.0103
1964,April,22.0596,23.3933
1964,May,25.6587,10.9025
1964,June,28.1009,18.5588
1964,July,28.3536,80.9339
1964,August,28.295,56.2686
1964,September,25.0969,16.0849
1964,October,19.3908,2.10298
1964,November,13.6943,1.39828
1964,December,8.47349,13.8485
1965,January,10.4216,26.2428
1965,February,10.9227,24.945
1965,March,15.8087,22.0791
1965,April,18.726,59.2074
1965,May,24.5479,26.2274
1965,June,28.5565,5.02491
1965,July,28.412,64.3407
1965,August,26.7583,31.0305
1965,September,24.9747,5.04816
1965,October,22.2042,8.17512
1965,November,16.2269,10.6557
1965,December,9.28412,10.4383
1966,January,10.2415,1.15251
1966,February,13.2975,45.5543
1966,March,15.7347,40.4243
1966,April,20.2439,33.1559
1966,May,25.52,13.2614
1966,June,29.0107,14.1281
1966,July,28.4109,45.8264
1966,August,27.5495,34.1948
1966,September,24.6629,22.35
1966,October,20.9205,17.0328
1966,November,13.2775,0.5548
1966,December,9.1559,2.9438
1967,January,7.16669,4.27492
1967,February,12.3515,30.2195
1967,March,15.2662,62.6848
1967,April,20.375,24.4783
1967,May,24.7303,23.5003
1967,June,28.6965,8.45779
1967,July,29.1326,62.1139
1967,August,27.2929,71.5948
1967,September,25.532,17.6735
1967,October,20.4776,11.9856
1967,November,15.6108,6.90142
1967,December,9.50393,49.9924
1968,January,7.6518,26.3102
1968,February,8.66805,29.1857
1968,March,16.227,21.337
1968,April,21.2904,17.1485
1968,May,23.8922,20.1009
1968,June,29.0917,7.3359
1968,July,28.8278,28.9279
1968,August,27.579,35.353
1968,September,25.259,1.11097
1968,October,20.4678,8.97746
1968,November,15.2789,6.29921
1968,December,10.2336,13.9851
1969,January,8.29291,14.0873
1969,February,9.93885,24.9438
1969,March,18.7145,20.4253
1969,April,21.6886,31.7132
1969,May,24.9806,19.819
1969,June,29.1478,9.63631
1969,July,29.2691,54.8043
1969,August,27.7145,19.5314
1969,September,25.0432,12.1516
1969,October,21.7138,13.014
1969,November,15.5467,3.01573
1969,December,11.5726,1.45074
1970,January,9.03377,30.5653
1970,February,11.4332,27.1291
1970,March,15.3094,33.5164
1970,April,22.8451,15.5043
1970,May,27.0705,8.93951
1970,June,29.28,16.5579
1970,July,28.7569,46.0735
1970,August,28.634,77.46
1970,September,25.5764,40.3373
1970,October,21.6389,8.65626
1970,November,14.9196,0.47082
1970,December,10.5616,4.07001
1971,January,7.74281,7.24127
1971,February,11.1406,21.513
1971,March,16.6588,10.804
1971,April,23.3466,16.0094
1971,May,26.7837,11.8274
1971,June,29.1591,21.4284
1971,July,28.2092,44.4069
1971,August,27.5819,40.7991
1971,September,24.6091,20.2732
1971,October,20.0397,1.70755
1971,November,15.6412,2.06759
1971,December,11.1905,6.26838
1972,January,8.47586,34.7957
1972,February,7.1458,19.8263
1972,March,15.8181,38.6696
1972,April,20.4903,22.1973
1972,May,25.669,21.5096
1972,June,29.0941,22.1459
1972,July,28.2412,35.143
1972,August,26.9078,29.401
1972,September,24.463,16.0654
1972,October,20.1057,5.55106
1972,November,15.8631,6.4597
1972,December,9.87479,23.3174
1973,January,7.16177,28.3193
1973,February,11.6869,22.0498
1973,March,15.8208,35.0366
1973,April,22.5258,18.082
1973,May,26.7701,20.5587
1973,June,30.1281,6.31663
1973,July,28.5222,83.0911
1973,August,27.5854,67.0669
1973,September,25.6705,19.8524
1973,October,20.4198,3.33128
1973,November,14.8984,0.56221
1973,December,9.48835,13.3079
1974,January,8.19593,20.4081
1974,February,8.173,34.12
1974,March,17.74,12.4535
1974,April,22.7606,15.064
1974,May,25.8675,15.8986
1974,June,28.1238,20.848
1974,July,28.9807,41.7686
1974,August,27.8972,23.2534
1974,September,25.5687,11.2464
1974,October,19.2896,1.70523
1974,November,14.4161,0.89974
1974,December,9.03787,15.6551
1975,January,7.53072,26.8503
1975,February,9.4018,28.4211
1975,March,14.7406,31.389
1975,April,21.0544,22.3481
1975,May,25.9698,18.8292
1975,June,28.2626,26.2635
1975,July,28.0591,63.3042
1975,August,27.5889,96.6574
1975,September,25.2221,37.3772
1975,October,20.8178,4.14299
1975,November,13.8608,2.73393
1975,December,10.4788,7.69655
1976,January,9.50869,26.6401
1976,February,10.3223,48.1633
1976,March,14.4527,51.7926
1976,April,20.7216,22.9631
1976,May,26.0356,8.51641
1976,June,28.09,21.235
1976,July,28.8777,68.3295
1976,August,26.9977,97.656
1976,September,25.0692,45.7423
1976,October,21.6511,8.08338
1976,November,14.6568,1.36519
1976,December,10.0033,3.35015
1977,January,7.68699,44.242
1977,February,11.0861,3.8353
1977,March,18.6074,5.09658
1977,April,22.1772,27.2329
1977,May,25.6031,15.1775
1977,June,28.907,31.0969
1977,July,28.8892,74.8961
1977,August,27.6078,35.1519
1977,September,24.9115,28.696
1977,October,22.3235,8.94343
1977,November,16.8919,9.8938
1977,December,11.6453,10.9998
1978,January,8.03211,19.7925
1978,February,10.4184,16.6293
1978,March,14.6407,46.6385
1978,April,22.2052,16.4415
1978,May,27.5054,8.48169
1978,June,29.8194,21.2366
1978,July,27.7014,148.121
1978,August,27.6038,59.1608
1978,September,25.1838,14.4293
1978,October,20.9816,1.69246
1978,November,15.2975,17.3604
1978,December,11.4317,3.57629
1979,January,9.23467,29.7768
1979,February,10.6324,43.3052
1979,March,14.2021,47.1193
1979,April,22.8234,28.4061
1979,May,23.842,20.4325
1979,June,29.3925,12.1849
1979,July,29.3805,25.5854
1979,August,27.0829,66.4542
1979,September,24.7969,16.4189
1979,October,21.2903,4.78184
1979,November,14.9688,11.4957
1979,December,10.9745,22.4665
1980,January,8.70261,19.0035
1980,February,11.335,29.9826
1980,March,15.1336,43.5235
1980,April,23.4625,9.2615
1980,May,26.7814,12.7197
1980,June,29.1966,30.0792
1980,July,29.0086,62.1531
1980,August,27.8459,34.2454
1980,September,25.144,19.0816
1980,October,21.6087,12.7277
1980,November,15.5323,10.2885
1980,December,10.9274,15.6931
1981,January,9.3686,30.6463
1981,February,11.545,32.1889
1981,March,16.064,66.5952
1981,April,22.6124,27.3013
1981,May,26.6235,17.4683
1981,June,28.9905,8.78363
1981,July,28.5818,84.8033
1981,August,27.4587,38.2932
1981,September,25.4305,5.45379
1981,October,20.1296,9.53868
1981,November,14.6573,7.23586
1981,December,11.015,3.2328
1982,January,9.06027,26.7045
1982,February,9.01251,43.8462
1982,March,13.7538,69.4212
1982,April,21.094,26.6146
1982,May,24.662,28.7386
1982,June,28.7336,5.91588
1982,July,29.0474,29.9389
1982,August,27.6932,58.7005
1982,September,24.8136,5.01978
1982,October,21.3597,20.175
1982,November,15.0355,24.0141
1982,December,9.85679,27.1344
1983,January,8.75392,19.3975
1983,February,10.0849,27.558
1983,March,14.0165,40.6978
1983,April,19.021,56.5685
1983,May,25.7748,26.2521
1983,June,28.7549,13.9626
1983,July,28.8602,58.5618
1983,August,28.0313,105.788
1983,September,26.3524,15.65
1983,October,20.402,5.69994
1983,November,15.2956,0.92442
1983,December,9.9931,8.60111
1984,January,8.05132,7.77251
1984,February,8.2811,17.4694
1984,March,17.9296,26.3116
1984,April,22.3283,22.372
1984,May,27.2413,13.4199
1984,June,29.9365,11.7076
1984,July,28.3113,52.6636
1984,August,27.8858,80.2843
1984,September,24.3607,28.9083
1984,October,19.4797,1.63675
1984,November,15.3749,6.73564
1984,December,9.86472,12.675
1985,January,8.85419,16.1033
1985,February,12.2303,4.97319
1985,March,17.6502,12.0366
1985,April,21.6968,35.0544
1985,May,26.2307,13.6178
1985,June,29.0758,7.46966
1985,July,28.5916,57.1505
1985,August,27.2145,54.7685
1985,September,25.0969,4.22109
1985,October,20.2161,8.75089
1985,November,15.5024,1.67728
1985,December,10.5554,33.702
1986,January,7.94782,5.4159
1986,February,10.1744,37.8958
1986,March,14.7358,42.6173
1986,April,21.6092,23.7822
1986,May,25.734,16.0415
1986,June,29.0014,23.4765
1986,July,28.1351,47.7411
1986,August,26.7377,94.5262
1986,September,24.7164,9.89575
1986,October,21.4811,4.42194
1986,November,15.6042,25.3839
1986,December,9.07079,18.2096
1987,January,9.5601,5.30938
1987,February,11.8572,29.1888
1987,March,16.697,54.0587
1987,April,21.8214,21.1257
1987,May,24.3446,30.0705
1987,June,28.4723,25.6525
1987,July,28.99,19.9808
1987,August,28.7271,23.3548
1987,September,26.5997,3.8747
1987,October,20.9078,23.0345
1987,November,16.0856,0.29129
1987,December,11.063,3.28792
1988,January,10.2191,19.4444
1988,February,11.958,17.2945
1988,March,15.9193,53.0401
1988,April,23.2295,8.47749
1988,May,27.8879,3.33549
1988,June,29.5936,17.9278
1988,July,29.0701,100.4
1988,August,27.6918,57.4279
1988,September,26.0382,23.7982
1988,October,21.0298,3.53334
1988,November,16.0212,0.71824
1988,December,11.6383,17.8356
1989,January,7.85848,16.5354
1989,February,9.51724,12.2605
1989,March,15.2886,41.2204
1989,April,20.2563,9.66336
1989,May,25.0662,14.575
1989,June,28.3993,14.3944
1989,July,27.8903,111.255
1989,August,26.8069,48.2808
1989,September,25.2399,12.1511
1989,October,21.2342,3.13078
1989,November,15.903,8.06886
1989,December,11.0325,23.0545
1990,January,10.5656,37.5664
1990,February,10.9966,57.1569
1990,March,14.8798,35.7753
1990,April,21.2646,17.4093
1990,May,27.4862,12.065
1990,June,29.1841,10.1119
1990,July,28.9034,27.8177
1990,August,27.9642,100.131
1990,September,26.0024,39.8935
1990,October,20.4374,5.64027
1990,November,16.1345,3.57717
1990,December,10.4213,39.7687
1991,January,8.2829,23.5797
1991,February,9.99503,42.6492
1991,March,15.5038,42.4584
1991,April,20.5152,43.043
1991,May,25.1976,26.5375
1991,June,29.0619,10.7911
1991,July,29.3048,20.3078
1991,August,27.745,33.49
1991,September,25.2474,30.1148
1991,October,20.1716,2.17714
1991,November,15.4148,4.33636
1991,December,11.6744,9.12149
1992,January,9.06016,53.9661
1992,February,10.5495,29.1195
1992,March,14.731,38.7504
1992,April,19.9273,40.764
1992,May,24.9313,23.8701
1992,June,29.2299,5.56877
1992,July,28.4087,54.8721
1992,August,26.9621,69.1804
1992,September,24.2183,28.7059
1992,October,20.6592,12.1746
1992,November,15.64,7.92377
1992,December,12.1524,13.6849
1993,January,8.77164,29.6088
1993,February,13.2686,15.8378
1993,March,14.7936,32.1792
1993,April,21.6325,19.6552
1993,May,27.0292,15.3862
1993,June,28.9541,19.6844
1993,July,28.2827,73.2203
1993,August,27.834,11.8972
1993,September,25.8537,18.1405
1993,October,20.5806,2.95508
1993,November,16.4152,9.43055
1993,December,11.4759,0.80544
1994,January,9.52572,19.5592
1994,February,10.397,29.1929
1994,March,17.6477,23.597
1994,April,20.3414,26.8942
1994,May,26.505,19.8453
1994,June,29.5395,21.5863
1994,July,28.2426,116.973
1994,August,27.6323,83.9455
1994,September,23.8697,42.8355
1994,October,20.1672,10.3939
1994,November,16.8134,3.08639
1994,December,10.6588,25.3666
1995,January,8.65067,9.26441
1995,February,11.3525,30.1864
1995,March,14.7091,23.1022
1995,April,20.0073,44.2381
1995,May,26.1724,11.1759
1995,June,29.5621,15.1367
1995,July,28.7296,97.9396
1995,August,27.7186,58.5468
1995,September,25.2638,21.9999
1995,October,21.6044,14.0496
1995,November,15.3296,5.24833
1995,December,10.2254,21.7521
1996,January,8.36005,27.9485
1996,February,11.8006,40.7236
1996,March,16.9391,44.5704
1996,April,22.0081,24.3362
1996,May,25.0169,33.005
1996,June,28.334,45.5516
1996,July,28.4034,37.5503
1996,August,27.0528,54.5763
1996,September,25.8551,13.2122
1996,October,20.3651,11.4699
1996,November,14.2503,3.83853
1996,December,9.9332,5.86822
1997,January,8.51052,23.2765
1997,February,11.0733,5.92436
1997,March,15.5146,38.9486
1997,April,19.9341,39.8522
1997,May,24.0034,18.4543
1997,June,27.8558,32.5392
1997,July,29.2669,61.0494
1997,August,27.3021,84.8412
1997,September,25.7255,11.9138
1997,October,19.8213,28.5444
1997,November,14.7835,8.86339
1997,December,9.54585,13.9214
1998,January,9.01244,32.6726
1998,February,10.9107,39.6264
1998,March,15.6202,37.2368
1998,April,22.8289,31.8033
1998,May,26.6166,21.8943
1998,June,28.533,25.044
1998,July,29.0016,49.0101
1998,August,28.3712,28.9697
1998,September,25.8367,23.637
1998,October,21.7597,9.91221
1998,November,15.5877,0.16185
1998,December,11.5113,0.94575
1999,January,8.62707,32.9247
1999,February,11.9247,36.1811
1999,March,16.6285,23.3168
1999,April,23.2143,18.1675
1999,May,26.8752,9.97722
1999,June,29.1077,9.80438
1999,July,29.2285,38.2667
1999,August,27.6811,45.1223
1999,September,26.6208,19.1532
1999,October,22.1888,6.80608
1999,November,16.8504,13.6544
1999,December,11.3234,0.24637
2000,January,9.58937,19.311
2000,February,10.2385,14.2357
2000,March,16.0165,8.70368
2000,April,24.0088,3.96081
2000,May,28.7896,7.20656
2000,June,28.9764,16.5511
2000,July,28.2836,57.1515
2000,August,27.6537,32.6807
2000,September,25.4155,18.3118
2000,October,22.0832,3.36167
2000,November,15.753,4.03651
2000,December,11.5061,6.28593
2001,January,8.57782,3.98006
2001,February,11.7034,7.90859
2001,March,16.8941,16.1858
2001,April,22.5681,21.0362
2001,May,28.3372,9.71545
2001,June,28.9762,42.8297
2001,July,28.5291,70.3518
2001,August,27.7208,28.1631
2001,September,25.2692,12.5674
2001,October,21.9897,2.88224
2001,November,16.3373,11.1675
2001,December,12.4597,7.07034
2002,January,9.43203,8.26817
2002,February,10.872,24.8489
2002,March,17.412,23.0497
2002,April,23.1135,20.2869
2002,May,27.8393,10.8048
2002,June,29.4699,25.2618
2002,July,29.0707,11.4863
2002,August,28.1767,34.2267
2002,September,24.792,23.8329
2002,October,21.9352,4.25136
2002,November,16.2022,9.99053
2002,December,11.368,13.1605
2003,January,9.47909,12.9862
2003,February,11.7875,62.8046
2003,March,16.4475,31.7944
2003,April,22.7893,23.1098
2003,May,25.4632,20.0575
2003,June,29.6845,13.7782
2003,July,28.4658,106.583
2003,August,27.7522,67.9582
2003,September,25.4462,25.9643
2003,October,21.1864,4.65043
2003,November,14.7137,8.94368
2003,December,10.7938,7.45678
2004,January,9.87077,41.6249
2004,February,12.7219,15.2825
2004,March,19.6016,5.57348
2004,April,23.8518,25.9202
2004,May,26.8944,13.1468
2004,June,28.8135,19.4183
2004,July,28.9904,23.6964
2004,August,27.7039,55.6869
2004,September,25.7541,15.1627
2004,October,20.0202,13.4192
2004,November,16.6354,4.30319
2004,December,11.7563,24.4978
2005,January,8.35979,37.2572
2005,February,9.7477,58.6492
2005,March,16.8687,40.9373
2005,April,21.5074,21.9531
2005,May,24.9898,27.8063
2005,June,29.4413,7.38339
2005,July,28.6651,56.0509
2005,August,27.8629,27.6218
2005,September,26.276,28.3787
2005,October,21.7352,5.59639
2005,November,15.838,8.06399
2005,December,10.5205,3.99261
2006,January,8.68721,28.5383
2006,February,14.6439,15.7051
2006,March,16.7655,27.5402
2006,April,22.5519,13.3447
2006,May,28.7866,9.25805
2006,June,28.4014,19.7032
2006,July,29.4468,56.8962
2006,August,27.5133,92.8018
2006,September,25.5114,29.8866
2006,October,22.9712,9.6685
2006,November,16.4192,18.3344
2006,December,10.2379,43.9717
2007,January,9.10904,3.0348
2007,February,12.3171,49.8075
2007,March,15.9347,63.3527
2007,April,24.3705,10.1817
2007,May,26.7675,10.8274
2007,June,28.8231,37.8191
2007,July,28.6904,60.6515
2007,August,28.0883,42.5053
2007,September,25.7563,28.5902
2007,October,20.3909,0.73853
2007,November,16.9521,2.19563
2007,December,10.2164,8.77559
2008,January,6.83578,43.5298
2008,February,9.89503,13.6756
2008,March,18.9894,2.83751
2008,April,21.8502,37.4197
2008,May,27.0943,16.6802
2008,June,29.8011,26.2055
2008,July,29.0324,48.5093
2008,August,27.0904,90.4538
2008,September,25.5409,18.479
2008,October,22.4863,6.49189
2008,November,15.8319,4.59947
2008,December,11.7252,28.3541
2009,January,10.0305,34.3593
2009,February,13.0069,33.2747
2009,March,17.7157,28.2929
2009,April,21.516,33.3443
2009,May,27.5519,11.2742
2009,June,28.5178,18.2574
2009,July,29.3437,50.6734
2009,August,29.0663,30.7856
2009,September,26.1628,15.1353
2009,October,21.3392,3.9578
2009,November,15.3006,6.9783
2009,December,11.3757,16.272
2010,January,10.2605,9.37983
2010,February,11.7885,31.8993
2010,March,19.7456,20.63
2010,April,24.6826,16.3773
2010,May,27.2414,23.014
2010,June,28.5066,25.6214
2010,July,28.729,105.22
2010,August,27.6291,113.186
2010,September,25.0014,30.6715
2010,October,22.5987,4.11534
2010,November,15.8396,1.60891
2010,December,9.97607,3.23522
2011,January,8.38794,11.1674
2011,February,11.4127,58.0763
2011,March,17.1996,30.0545
2011,April,21.8318,28.063
2011,May,28.1891,10.2389
2011,June,29.9848,16.105
2011,July,28.8677,37.5047
2011,August,28.0998,80.6547
2011,September,25.3481,31.7056
2011,October,21.7935,8.60502
2011,November,17.3903,6.73557
2011,December,10.1934,2.56967
2012,January,7.89622,21.7436
2012,February,9.10051,19.6736
2012,March,16.0177,22.278
2012,April,21.7783,34.6903
2012,May,26.3565,13.0843
2012,June,29.0143,7.12074
2012,July,29.6738,26.7597
2012,August,27.964,45.5465
2012,September,25.1985,51.5706
2012,October,20.9427,6.17664
2012,November,15.7487,3.56023
2012,December,10.9512,21.8186
2013,January,9.2059,12.3896
2013,February,10.7169,46.5909
2013,March,14.7599,53.8636
2013,April,22.0156,33.5154
2013,May,27.2735,7.84502
2013,June,29.8533,37.7994
2013,July,29.5909,45.7747
2013,August,27.7081,72.268
2013,September,26.8228,16.0794
2013,October,23.1727,8.1558
2013,November,15.7483,13.5567
2013,December,10.9647,2.00393
2014,January,9.22441,11.4887
2014,February,10.135,22.7004
2014,March,15.858,55.8119
2014,April,22.0136,36.274
2014,May,25.803,20.0702
2014,June,30.3058,11.8501
2014,July,29.8137,30.8147
2014,August,28.506,30.2337
2014,September,26.3865,35.8764
2014,October,22.2904,9.75995
2014,November,15.8981,10.1953
2014,December,10.0999,0.41147
2015,January,9.50221,16.3651
2015,February,10.567,30.9235
2015,March,15.8797,70.0159
2015,April,23.0622,34.0755
2015,May,27.1174,19.6929
2015,June,29.4065,28.986
2015,July,28.7141,72.6114
2015,August,27.7268,69.5808
2015,September,25.3179,26.1938
2015,October,22.379,14.1419
2015,November,16.2182,9.09601
2015,December,10.8177,6.00726
2016,January,10.7526,16.1749
2016,February,12.5766,8.36436
2016,March,17.29,57.6948
2016,April,23.092,20.2518
2016,May,27.9996,18.1856
2016,June,30.2144,23.6518
2016,July,29.6574,56.4818
2016,August,27.6332,60.6061
2016,September,26.7179,13.7694
2016,October,22.3982,1.07552
2016,November,15.7672,2.8848
2016,December,12.8763,7.82298
